{"stats":{"minecraft:custom":{"minecraft:time_since_rest":6856,"minecraft:open_chest":4,"minecraft:crouch_one_cm":143,"minecraft:play_time":6856,"minecraft:sprint_one_cm":2184,"minecraft:walk_one_cm":4559,"minecraft:sneak_time":96,"minecraft:jump":42,"minecraft:inspect_hopper":4,"minecraft:leave_game":4,"minecraft:time_since_death":6856,"minecraft:total_world_time":7271,"minecraft:fly_one_cm":7728},"minecraft:picked_up":{"minecraft:diamond_ore":6,"minecraft:deepslate_lapis_ore":8,"minecraft:nether_quartz_ore":7,"minecraft:nether_gold_ore":6,"minecraft:coal_ore":6,"minecraft:deepslate_emerald_ore":1,"minecraft:deepslate_gold_ore":6,"minecraft:deepslate_diamond_ore":3,"minecraft:redstone_ore":5,"minecraft:deepslate_redstone_ore":5,"minecraft:iron_ore":5,"minecraft:deepslate_copper_ore":7,"minecraft:deepslate_coal_ore":3,"minecraft:deepslate_iron_ore":7,"minecraft:emerald_ore":5,"minecraft:copper_ore":5},"minecraft:used":{"minecraft:hopper":3,"need_ores:transdimensional_miner":4,"minecraft:chest":1}},"DataVersion":3465}