{
  "_fv": 47,
  "_type": "recipe",
  "definition": {
    "recipeType": "Crafting",
    "recipeRetstackSize": 1,
    "group": "",
    "cookingBookCategory": "MISC",
    "xpReward": 0.0,
    "cookingTime": 200,
    "craftingBookCategory": "MISC",
    "recipeShapeless": false,
    "recipeSlots": [
      {
        "value": "Items.ENDER_EYE"
      },
      {
        "value": "Items.ENDER_EYE"
      },
      {
        "value": "Items.ENDER_EYE"
      },
      {
        "value": "Items.ENDER_EYE"
      },
      {
        "value": "CUSTOM:TransdimensionalMinerTier3"
      },
      {
        "value": "Items.ENDER_EYE"
      },
      {
        "value": "CUSTOM:TransdimensionalMinerTier3"
      },
      {
        "value": "Items.END_CRYSTAL"
      },
      {
        "value": "CUSTOM:TransdimensionalMinerTier3"
      }
    ],
    "recipeReturnStack": {
      "value": "CUSTOM:TransdimensionalMinerTier4"
    },
    "name": "transdimensional_miner_tier_4_recipe",
    "namespace": "mod"
  }
}