{
  "_fv": 47,
  "_type": "gui",
  "definition": {
    "type": 1,
    "width": 185,
    "height": 166,
    "inventoryOffsetX": 0,
    "inventoryOffsetY": 0,
    "renderBgLayer": true,
    "doesPauseGame": false,
    "components": [
      {
        "type": "outputslot",
        "data": {
          "id": 0,
          "disablePickup": {
            "fixedValue": false
          },
          "dropItemsWhenNotBound": true,
          "x": 132,
          "y": 62
        }
      },
      {
        "type": "label",
        "data": {
          "name": "label_transdimensional_miner",
          "text": {
            "fixedValue": "Transdimensional Miner Tier I",
            "name": "ReturnNameOfBlock"
          },
          "color": {
            "value": -12829636,
            "falpha": 0.0
          },
          "x": 132,
          "y": 44
        }
      },
      {
        "type": "outputslot",
        "data": {
          "id": 1,
          "disablePickup": {
            "fixedValue": false
          },
          "dropItemsWhenNotBound": true,
          "x": 150,
          "y": 62
        }
      },
      {
        "type": "outputslot",
        "data": {
          "id": 2,
          "disablePickup": {
            "fixedValue": false
          },
          "dropItemsWhenNotBound": true,
          "x": 168,
          "y": 62
        }
      },
      {
        "type": "outputslot",
        "data": {
          "id": 3,
          "disablePickup": {
            "fixedValue": false
          },
          "dropItemsWhenNotBound": true,
          "x": 186,
          "y": 62
        }
      },
      {
        "type": "outputslot",
        "data": {
          "id": 4,
          "disablePickup": {
            "fixedValue": false
          },
          "dropItemsWhenNotBound": true,
          "x": 132,
          "y": 80
        }
      },
      {
        "type": "outputslot",
        "data": {
          "id": 5,
          "disablePickup": {
            "fixedValue": false
          },
          "dropItemsWhenNotBound": true,
          "x": 150,
          "y": 80
        }
      },
      {
        "type": "outputslot",
        "data": {
          "id": 6,
          "disablePickup": {
            "fixedValue": false
          },
          "dropItemsWhenNotBound": true,
          "x": 168,
          "y": 80
        }
      },
      {
        "type": "outputslot",
        "data": {
          "id": 7,
          "disablePickup": {
            "fixedValue": false
          },
          "dropItemsWhenNotBound": true,
          "x": 186,
          "y": 80
        }
      },
      {
        "type": "outputslot",
        "data": {
          "id": 8,
          "disablePickup": {
            "fixedValue": false
          },
          "dropItemsWhenNotBound": true,
          "x": 132,
          "y": 98
        }
      },
      {
        "type": "outputslot",
        "data": {
          "id": 9,
          "disablePickup": {
            "fixedValue": false
          },
          "dropItemsWhenNotBound": true,
          "x": 150,
          "y": 98
        }
      },
      {
        "type": "outputslot",
        "data": {
          "id": 10,
          "disablePickup": {
            "fixedValue": false
          },
          "dropItemsWhenNotBound": true,
          "x": 168,
          "y": 98
        }
      },
      {
        "type": "outputslot",
        "data": {
          "id": 11,
          "disablePickup": {
            "fixedValue": false
          },
          "dropItemsWhenNotBound": true,
          "x": 186,
          "y": 98
        }
      },
      {
        "type": "label",
        "data": {
          "name": "label_consumption",
          "text": {
            "fixedValue": "Consumption :"
          },
          "color": {
            "value": -12829636,
            "falpha": 0.0
          },
          "x": 213,
          "y": 62
        }
      },
      {
        "type": "label",
        "data": {
          "name": "label_10_000_fetick",
          "text": {
            "fixedValue": "15 000 FE/tick",
            "name": "ReturnConsumptionBlock"
          },
          "color": {
            "value": -12829636,
            "falpha": 0.0
          },
          "x": 213,
          "y": 71
        }
      },
      {
        "type": "label",
        "data": {
          "name": "label_generate",
          "text": {
            "fixedValue": "Progress :"
          },
          "color": {
            "value": -12829636,
            "falpha": 0.0
          },
          "x": 213,
          "y": 89
        }
      },
      {
        "type": "tooltip",
        "data": {
          "name": "tooltip_proc_return_energy_block_and_cap",
          "text": {
            "fixedValue": "",
            "name": "ReturnEnergyBlockAndCapacity"
          },
          "width": 24,
          "height": 24,
          "x": 276,
          "y": 89
        }
      },
      {
        "type": "image",
        "data": {
          "image": "battery.png",
          "use1Xscale": false,
          "x": 285,
          "y": 98
        }
      },
      {
        "type": "label",
        "data": {
          "name": "label_proc_return_task_progress_block",
          "text": {
            "fixedValue": "",
            "name": "ReturnTaskProgressBlock"
          },
          "color": {
            "value": -12829636,
            "falpha": 0.0
          },
          "x": 213,
          "y": 98
        }
      }
    ],
    "gridSettings": {
      "sx": 18,
      "sy": 18,
      "ox": 11,
      "oy": 15,
      "snapOnGrid": true
    }
  }
}