{
  "_fv": 47,
  "_type": "recipe",
  "definition": {
    "recipeType": "Crafting",
    "recipeRetstackSize": 1,
    "group": "",
    "cookingBookCategory": "MISC",
    "xpReward": 0.0,
    "cookingTime": 200,
    "craftingBookCategory": "MISC",
    "recipeShapeless": false,
    "recipeSlots": [
      {
        "value": "Items.ENDER_EYE"
      },
      {
        "value": "Items.ENDER_EYE"
      },
      {
        "value": "Items.ENDER_EYE"
      },
      {
        "value": "Items.ENDER_EYE"
      },
      {
        "value": "Blocks.ENDER_CHEST"
      },
      {
        "value": "Items.ENDER_EYE"
      },
      {
        "value": "Items.NETHERITE_INGOT"
      },
      {
        "value": "Items.NETHERITE_PICKAXE"
      },
      {
        "value": "Items.NETHERITE_INGOT"
      }
    ],
    "recipeReturnStack": {
      "value": "CUSTOM:TransdimensionalMiner"
    },
    "name": "transdimensional_miner_recipe",
    "namespace": "mod"
  }
}