{
  "parent": "block/cube",
  "textures": {
    "down": "need_ores:block/transdimentional_miner_tier1_top",
    "up": "need_ores:block/transdimentional_miner_tier1_top",
    "north": "need_ores:block/transdimentional_miner_tier4_side",
    "east": "need_ores:block/transdimentional_miner_tier4_side",
    "south": "need_ores:block/transdimentional_miner_tier4_side",
    "west": "need_ores:block/transdimentional_miner_tier4_side",
    "particle": "need_ores:block/transdimentional_miner_tier1_top"
  },
  "render_type": "solid"
}