{
  "type": "minecraft:crafting_shaped",
  "category": "misc",
  "pattern": [
    "012",
    "345",
    "678"
  ],
  "key": {
    "0": {
      "item": "minecraft:ender_eye"
    },
    "1": {
      "item": "minecraft:ender_eye"
    },
    "2": {
      "item": "minecraft:ender_eye"
    },
    "3": {
      "item": "minecraft:ender_eye"
    },
    "4": {
      "item": "minecraft:ender_chest"
    },
    "5": {
      "item": "minecraft:ender_eye"
    },
    "6": {
      "item": "minecraft:netherite_ingot"
    },
    "7": {
      "item": "minecraft:netherite_pickaxe"
    },
    "8": {
      "item": "minecraft:netherite_ingot"
    }
  },
  "result": {
    "item": "need_ores:transdimensional_miner_tier1",
    "count": 1
  }
}